champion,Attack Speed Ratio,Base Attack Speed,Base Bonus Attack Speed,Attack Speed per Level
Garen,0.625,0.625,0.28,0.024
Aatrox,0.651,0.651,0.13,0.021
Lux,0.625,0.625,0.2,0.03
Amumu,0.638,0.638,0.25,0.024
Kayn,0.67,0.67,0.2,0.018
Rengar,0.667,0.667,0.2,0.023
Karma,0.625,0.625,0.2,0.0135
Nunu & Willump,0.625,0.625,0.28,0.0122
Wukong,0.625,0.625,0.28,0.028
Vayne,0.658,0.658,0.23,0.03
Ekko,0.625,0.625,0.28,0.031
Orianna,0.658,0.658,0.14,0.032
Diana,0.694,0.694,0.15,0.008
Zoe,0.625,0.625,0.2,0.021
Tryndamere,0.725,0.725,0.1,0.025
Xin Zhao,0.645,0.645,0.24,0.025
Kha'Zix,0.668,0.668,0.2,0.0185
Jinx,0.625,0.625,0.3,0.02
Hecarim,0.67,0.67,0.2,0.016
Yuumi,0.625,0.625,0.2,0.006
Braum,0.644,0.644,0.16,0.03
Jhin,0.625,0.625,0.06,0.032
Aurelion Sol,0.625,0.625,0.2,0.004
Syndra,0.625,0.625,0.2,0.015
Twisted Fate,0.651,0.651,0.15,0.016
Kai'Sa,0.644,0.644,0.17,0.022
Nilah,0.67,0.67,0.21,0.02
Morgana,0.625,0.625,0.2,0.005
Evelynn,0.667,0.667,0.2,0.012
Pantheon,0.658,0.658,0.22,0.02
Akali,0.625,0.625,0.28,0.02
Fiora,0.69,0.69,0.16,0.026
Blitzcrank,0.625,0.625,0.2,0.006
Seraphine,0.699,0.669,0.12,0.017
Mordekaiser,0.625,0.625,0.17,0.008
Annie,0.625,0.625,0.2,0.006
Yasuo,0.67,0.67,0.2,0.04
Ahri,0.625,0.625,0.2,0.02
Zed,0.651,0.651,0.23,0.024
Jax,0.638,0.638,0.15,0.03
Kayle,0.667,0.667,0.13,0.028
Lucian,0.638,0.638,0.25,0.028
Leona,0.625,0.625,0.2,0.021
Tristana,0.694,0.694,0.17,0.02
Teemo,0.69,0.69,0.09,0.03
Sona,0.644,0.644,0.17,0.016
Lulu,0.625,0.625,0.2,0.013
Shyvana,0.638,0.638,0.25,0.012
Vi,0.644,0.644,0.24,0.012
Xayah,0.658,0.658,0.22,0.034
Rakan,0.635,0.635,0.18,0.022
Twitch,0.679,0.679,0.18,0.03
Gwen,0.69,0.69,0.16,0.026
Camille,0.644,0.644,0.24,0.016
Viego,0.658,0.658,0.22,0.025
Volibear,0.7,0.7,0.05,0.014
Lee Sin,0.651,0.651,0.23,0.02
Corki,0.644,0.644,0.17,0.032
Kennen,0.69,0.69,0.09,0.028
Dr. Mundo,0.625,0.625,0.28,0.028
Zyra,0.625,0.625,0.2,0.02
Rammus,0.625,0.625,0.28,0.0185
Nasus,0.638,0.638,0.25,0.024
Miss Fortune,0.656,0.656,0.22,0.032
Zeri,0.625,0.625,0.28,0.024
Sett,0.625,0.625,0.17,0.01
Yone,0.625,0.625,0.28,0.032
Master Yi,0.679,0.679,0.18,0.018
Darius,0.625,0.625,0.17,0.008
Graves,0.7,0.7,0,0.021
Kindred,0.625,0.625,0.28,0.032
Maokai,0.695,0.695,0.15,0.029
Janna,0.625,0.625,0.2,0.022
Poppy,0.625,0.625,0.2,0.021
Draven,0.679,0.679,0.11,0.03
Gnar,0.625,0.625,0.2,0.015
Ashe,0.658,0.658,0.23,0.03
Zilean,0.625,0.625,0.2,0.017
Alistar,0.625,0.625,0.2,0.012
Ambessa,0.625,0.625,0.28,0.012
Malphite,0.638,0.638,0.25,0.04
Nidalee,0.638,0.638,0.18,0.024
Aurora,0.668,0.668,0.12,0.02
Fizz,0.658,0.658,0.22,0.022
Ziggs,0.656,0.656,0.14,0.014
Cho'Gath,0.625,0.625,0.28,0.008
Gragas,0.625,0.625,0.28,0.013
Vladimir,0.658,0.658,0.14,0.0165
Nami,0.644,0.644,0.17,0.02
Riven,0.625,0.625,0.28,0.022
Varus,0.658,0.658,0.22,0.03
Irelia,0.656,0.656,0.22,0.016
Katarina,0.658,0.658,0.22,0.018
Singed,0.625,0.625,0.28,0.016
Soraka,0.625,0.625,0.2,0.012
Ezreal,0.625,0.625,0.28,0.022
Galio,0.625,0.625,0.28,0.007
Akshan,0.4,0.4,0.67,0.04
Jayce,0.658,0.658,0.22,0.021
Urgot,0.625,0.625,0.2,0.031
Kassadin,0.64,0.64,0.25,0.027
Samira,0.658,0.658,0.14,0.03
Bard,0.658,0.658,0.14,0.015
Olaf,0.694,0.694,0.06,0.0326
Sivir,0.625,0.625,0.3,0.01
Milio,0.625,0.625,0.2,0.022
Lissandra,0.625,0.625,0.2,0.01
Kog'Maw,0.665,0.665,0.2,0.03
Caitlyn,0.625,0.625,0.2,0.025 (7.3a: era 0.04)
Rell,0.625,0.625,0.2,0.01
Skarner,0.625,0.625,0.28,0.005
Shen,0.651,0.651,0.23,0.0367
Brand,0.625,0.625,0.2,0.0185
Renekton,0.665,0.665,0.2,0.024
Veigar,0.625,0.625,0.2,0.014
Senna,0.3 (7.3a),0.3 (7.3a),1.1 (7.3a),0.025 (7.3a)
Pyke,0.667,0.667,0.13,0.021
Sion,0.679,0.679,0.18,0.006
Swain,0.625,0.625,0.2,0.012
Heimerdinger,0.625,0.625,0.2,0.01
Talon,0.625,0.625,0.28,0.025
Vel'Koz,0.625,0.625,0.2,0.01
Thresh,0.625,0.625,0.2,0.028
Warwick,0.638,0.638,0.25,0.012
Nautilus,0.612,0.612,0.2,0.0124
Fiddlesticks,0.625,0.625,0.2,0.012
Kalista,0.694,0.694,0.16,0.046
Lillia,0.625,0.625,0.28,0.016
Ornn,0.625,0.625,0.17,0.012
Ryze,0.625,0.625,0.2,0.018
Smolder,0.638,0.638,0.25,0.031
Mel,0.625,0.625,0.2,0.016
Rumble,0.644,0.644,0.24,0.016
Vex,0.625,0.625,0.2,0.01
Viktor,0.658,0.658,0.14,0.02
Taliyah,0.625,0.625,0.2,0.01
Yunara,0.65,0.65,0.23,0.032
Nocturne,0.721,0.721,0.11,0.024
K'Sante,0.625,0.625,0.28,0.021
Norra,0.625,0.625,0.2,0.012
