champion,Base Health,Base Armor,Armor per Level,Base Magic Resist,Health per Level
Garen,660 → 690,52 → 44,5.8 → 5,,
Aatrox,,,4.5 → 5,40 → 36,
Rengar,660 → 630,,,,128 → 136
Amumu,,,,,104 → 114
Nunu & Willump,690 → 630,,,,120 → 124
Ekko,630 → 650,,,,120 → 126
Kha’Zix,630 → 640,,,,120 → 128
Xin Zhao,690 → 650,,4.3 → 4.7,,120 → 130
Hecarim,,46 → 42,5 → 5.4,,120 → 130
Braum,690 → 630,52 → 46,,,120 → 136
Jhin,600 → 630,,,,
Evelynn,600 → 630,,,,
Akali,,,,,140 → 150
Pantheon,690 → 660,52 → 48,,,120 → 132
Fiora,650 → 630,46 → 42,4.3 → 4.8,,120 → 130
Blitzcrank,660 → 630,49 → 45,,,120 → 135
Jax,690 → 660,46 → 44,,,120 → 130
Vi,690 → 660,46 → 42,,,112 → 130
Rakan,660 → 640,49 → 42,,,112 → 120
Gwen,690 → 640,52 → 48,,,120 → 136
Camille,690 → 660,,,,128 → 132
Jarvan IV,690 → 660,,,,120 → 130
Viego,660 → 630,,,,128 → 138
Lee Sin,690 → 660,,,,120 → 132
Kennen,660 → 600,,,,120 → 130
Dr. Mundo,720 → 680,,,,112 → 120
Rammus,690 → 670,49 → 45,,,112 → 124
Zeri,630 → 600,,,,128 → 136
Master Yi,,,,,120 → 130
Yone,650 → 630,,,,120 → 130
Darius,650 → 660,52 → 45,,,144 → 148
Alistar,720 → 700,,,,
Aurora,,,,,120 → 132
Kassadin,630 → 650,,,,120 → 132
Graves,660 → 630,,,,128 → 136
Poppy,660 → 630,,,,128 → 136
Draven,630 → 650,,,,128 → 132
Malphite,,,,,120 → 130
Gragas,720 → 660,,,,120 → 140
Riven,690 → 660,46 → 43,,,120 → 125
Irelia,690 → 660,,,,128 → 138
Katarina,630 → 660,,,,
Skarner,690 → 660,,,,128 → 132
Shen,,,,,112 → 124
Galio,660 → 630,,,,144 → 148
Lissandra,,,,,120 → 130
Senna,600 → 570,,,,
Nautilus,720 → 690,,,,
Thresh,,,,,120 → 140
Ornn,720 → 690,,,,120 → 132
Nocturne,,,,,120 → 134
